card_id,customer_id,card_type,region,issue_date,activation_status,monthly_limit_ngn
CARD20001,CUST10263,Platinum,Abuja,2026-01-17,Active,2000000
CARD20002,CUST10323,Classic,Lagos,2025-10-22,Active,1000000
CARD20003,CUST10137,Classic,Kano,2025-07-17,Active,1000000
CARD20004,CUST10372,Classic,Lagos,2025-03-20,Active,100000
CARD20005,CUST10447,Platinum,Lagos,2025-08-02,Active,500000
CARD20006,CUST10256,Classic,Abuja,2025-06-08,Inactive,2000000
CARD20007,CUST10395,Platinum,Ibadan,2025-07-20,Active,500000
CARD20008,CUST10037,Classic,Lagos,2025-01-22,Active,100000
CARD20009,CUST10142,Classic,Abuja,2025-12-05,Active,100000
CARD20010,CUST10147,Classic,Port Harcourt,2025-08-30,Active,2000000
CARD20011,CUST10008,Gold,Lagos,2025-08-26,Active,100000
CARD20012,CUST10251,Gold,Kano,2025-05-29,Active,2000000
CARD20013,CUST10135,Classic,Lagos,2025-01-07,Inactive,100000
CARD20014,CUST10059,Classic,Lagos,2025-08-21,Active,1000000
CARD20015,CUST10123,Classic,Abuja,2025-03-18,Active,2000000
CARD20016,CUST10447,Classic,Lagos,2026-05-04,Active,1000000
CARD20017,CUST10263,Classic,Port Harcourt,2025-03-28,Active,1000000
CARD20018,CUST10120,Platinum,Abuja,2025-08-10,Inactive,2000000
CARD20019,CUST10439,Gold,Lagos,2026-02-17,Active,500000
CARD20020,CUST10259,Classic,Kano,2025-07-21,Inactive,250000
CARD20021,CUST10323,Platinum,Port Harcourt,2025-10-03,Active,100000
CARD20022,CUST10018,Platinum,Abuja,2025-08-09,Active,100000
CARD20023,CUST10301,Classic,Lagos,2025-06-06,Inactive,500000
CARD20024,CUST10353,Classic,Lagos,2025-06-30,Active,250000
CARD20025,CUST10092,Platinum,Port Harcourt,2025-05-09,Active,500000
CARD20026,CUST10164,Gold,Ibadan,2025-08-31,Inactive,250000
CARD20027,CUST10144,Classic,Lagos,2025-06-21,Active,2000000
CARD20028,CUST10335,Gold,Abuja,2026-05-18,Active,2000000
CARD20029,CUST10413,Classic,Abuja,2026-04-25,Active,1000000
CARD20030,CUST10315,Platinum,Lagos,2025-09-27,Active,1000000
CARD20031,CUST10402,Classic,Ibadan,2026-02-25,Active,2000000
CARD20032,CUST10433,Gold,Lagos,2025-06-12,Inactive,1000000
CARD20033,CUST10238,Classic,Lagos,2025-01-24,Active,2000000
CARD20034,CUST10174,Classic,Lagos,2026-05-12,Active,500000
CARD20035,CUST10083,Classic,Lagos,2025-07-12,Inactive,100000
CARD20036,CUST10157,Classic,Lagos,2026-01-25,Active,2000000
CARD20037,CUST10109,Gold,Ibadan,2026-05-12,Active,2000000
CARD20038,CUST10178,Classic,Port Harcourt,2025-05-09,Active,2000000
CARD20039,CUST10250,Classic,Lagos,2026-06-27,Inactive,1000000
CARD20040,CUST10253,Gold,Port Harcourt,2025-02-05,Inactive,1000000
CARD20041,CUST10055,Gold,Port Harcourt,2026-04-02,Active,1000000
CARD20042,CUST10155,Classic,Lagos,2025-12-27,Inactive,1000000
CARD20043,CUST10391,Classic,Lagos,2025-08-03,Active,500000
CARD20044,CUST10091,Platinum,Lagos,2025-10-14,Active,2000000
CARD20045,CUST10339,Classic,Lagos,2026-01-04,Inactive,500000
CARD20046,CUST10126,Platinum,Ibadan,2026-04-14,Active,1000000
CARD20047,CUST10337,Classic,Abuja,2025-07-05,Active,500000
CARD20048,CUST10169,Gold,Kano,2026-04-19,Active,2000000
CARD20049,CUST10139,Classic,Ibadan,2025-03-02,Active,2000000
CARD20050,CUST10005,Gold,Lagos,2025-09-19,Active,1000000
CARD20051,CUST10066,Classic,Ibadan,2025-04-21,Active,2000000
CARD20052,CUST10111,Classic,Lagos,2025-05-21,Inactive,500000
CARD20053,CUST10184,Classic,Lagos,2026-06-19,Inactive,250000
CARD20054,CUST10268,Gold,Abuja,2025-03-20,Active,2000000
CARD20055,CUST10170,Platinum,Lagos,2026-05-09,Active,500000
CARD20056,CUST10362,Classic,Lagos,2025-01-31,Active,500000
CARD20057,CUST10244,Classic,Port Harcourt,2026-05-31,Active,500000
CARD20058,CUST10331,Gold,Ibadan,2026-05-24,Active,2000000
CARD20059,CUST10138,Platinum,Lagos,2025-03-07,Active,250000
CARD20060,CUST10028,Gold,Lagos,2026-05-25,Active,1000000
CARD20061,CUST10007,Platinum,Abuja,2026-01-06,Active,1000000
CARD20062,CUST10398,Classic,Port Harcourt,2025-10-14,Active,2000000
CARD20063,CUST10333,Classic,Lagos,2025-06-25,Active,2000000
CARD20064,CUST10317,Classic,Kano,2025-05-03,Active,100000
CARD20065,CUST10051,Gold,Port Harcourt,2025-08-19,Active,250000
CARD20066,CUST10426,Classic,Port Harcourt,2025-01-04,Active,500000
CARD20067,CUST10136,Classic,Kano,2026-02-16,Active,500000
CARD20068,CUST10178,Classic,Kano,2025-09-07,Active,1000000
CARD20069,CUST10129,Classic,Lagos,2026-05-02,Active,2000000
CARD20070,CUST10197,Classic,Lagos,2025-12-11,Active,250000
CARD20071,CUST10267,Classic,Port Harcourt,2025-11-29,Active,1000000
CARD20072,CUST10107,Platinum,Kano,2026-03-29,Active,250000
CARD20073,CUST10048,Classic,Port Harcourt,2025-06-07,Active,2000000
CARD20074,CUST10138,Classic,Lagos,2025-09-27,Inactive,500000
CARD20075,CUST10399,Gold,Port Harcourt,2026-02-22,Active,100000
CARD20076,CUST10103,Platinum,Lagos,2026-03-16,Active,250000
CARD20077,CUST10047,Gold,Kano,2025-01-29,Inactive,500000
CARD20078,CUST10153,Classic,Abuja,2025-12-01,Active,250000
CARD20079,CUST10368,Platinum,Kano,2025-08-26,Active,250000
CARD20080,CUST10006,Classic,Abuja,2025-06-02,Active,250000
CARD20081,CUST10011,Classic,Kano,2025-04-25,Active,2000000
CARD20082,CUST10017,Gold,Lagos,2026-02-03,Active,1000000
CARD20083,CUST10143,Gold,Port Harcourt,2025-02-01,Active,250000
CARD20084,CUST10272,Gold,Kano,2026-06-16,Active,2000000
CARD20085,CUST10312,Platinum,Port Harcourt,2025-02-22,Inactive,100000
CARD20086,CUST10066,Gold,Port Harcourt,2025-07-14,Active,1000000
CARD20087,CUST10420,Platinum,Lagos,2025-11-01,Active,2000000
CARD20088,CUST10339,Gold,Abuja,2025-12-11,Active,100000
CARD20089,CUST10422,Classic,Ibadan,2025-03-23,Active,1000000
CARD20090,CUST10331,Classic,Lagos,2025-01-01,Active,2000000
CARD20091,CUST10256,Classic,Ibadan,2025-06-16,Active,100000
CARD20092,CUST10127,Classic,Port Harcourt,2025-11-13,Active,2000000
CARD20093,CUST10131,Gold,Lagos,2025-07-02,Active,100000
CARD20094,CUST10018,Gold,Lagos,2025-09-30,Active,250000
CARD20095,CUST10207,Classic,Abuja,2026-01-08,Active,250000
CARD20096,CUST10089,Classic,Lagos,2025-12-28,Inactive,1000000
CARD20097,CUST10438,Classic,Kano,2025-07-20,Active,100000
CARD20098,CUST10243,Platinum,Port Harcourt,2025-07-11,Active,250000
CARD20099,CUST10350,Classic,Lagos,2025-12-07,Active,1000000
CARD20100,CUST10017,Gold,Lagos,2025-10-26,Inactive,500000
CARD20101,CUST10223,Gold,Port Harcourt,2026-05-21,Inactive,250000
CARD20102,CUST10370,Classic,Abuja,2025-05-20,Active,250000
CARD20103,CUST10363,Classic,Lagos,2025-11-02,Active,2000000
CARD20104,CUST10210,Classic,Abuja,2025-07-15,Active,500000
CARD20105,CUST10099,Gold,Ibadan,2025-03-02,Active,100000
CARD20106,CUST10013,Gold,Lagos,2025-12-26,Active,1000000
CARD20107,CUST10319,Gold,Lagos,2025-11-03,Active,500000
CARD20108,CUST10270,Gold,Kano,2026-04-25,Active,100000
CARD20109,CUST10187,Classic,Lagos,2025-11-29,Active,250000
CARD20110,CUST10420,Classic,Ibadan,2025-03-24,Active,1000000
CARD20111,CUST10274,Platinum,Lagos,2025-11-30,Active,1000000
CARD20112,CUST10133,Gold,Lagos,2026-06-01,Active,500000
CARD20113,CUST10014,Gold,Lagos,2026-04-19,Active,2000000
CARD20114,CUST10281,Gold,Lagos,2026-01-29,Active,100000
CARD20115,CUST10044,Classic,Lagos,2026-01-15,Inactive,500000
CARD20116,CUST10377,Classic,Lagos,2025-01-21,Active,2000000
CARD20117,CUST10295,Gold,Lagos,2025-06-26,Active,2000000
CARD20118,CUST10396,Platinum,Lagos,2025-12-29,Active,2000000
CARD20119,CUST10104,Classic,Port Harcourt,2025-01-22,Active,1000000
CARD20120,CUST10445,Classic,Ibadan,2025-09-07,Inactive,100000
CARD20121,CUST10062,Classic,Ibadan,2025-03-14,Active,100000
CARD20122,CUST10053,Classic,Abuja,2025-04-01,Active,500000
CARD20123,CUST10309,Classic,Kano,2025-06-25,Active,250000
CARD20124,CUST10412,Platinum,Lagos,2025-05-06,Inactive,500000
CARD20125,CUST10419,Gold,Lagos,2025-07-23,Active,100000
CARD20126,CUST10118,Platinum,Lagos,2025-09-03,Active,1000000
CARD20127,CUST10321,Gold,Ibadan,2025-09-28,Active,500000
CARD20128,CUST10131,Classic,Ibadan,2025-02-13,Active,250000
CARD20129,CUST10299,Platinum,Abuja,2025-06-17,Active,500000
CARD20130,CUST10306,Classic,Lagos,2026-03-11,Active,2000000
CARD20131,CUST10199,Platinum,Port Harcourt,2025-01-30,Active,250000
CARD20132,CUST10393,Gold,Lagos,2025-12-23,Active,2000000
CARD20133,CUST10036,Classic,Abuja,2026-05-06,Active,1000000
CARD20134,CUST10279,Classic,Abuja,2025-09-05,Inactive,100000
CARD20135,CUST10216,Classic,Lagos,2025-09-10,Inactive,500000
CARD20136,CUST10074,Classic,Lagos,2026-01-17,Active,500000
CARD20137,CUST10306,Classic,Port Harcourt,2026-06-20,Active,2000000
CARD20138,CUST10055,Platinum,Abuja,2026-02-23,Inactive,2000000
CARD20139,CUST10381,Gold,Lagos,2025-05-03,Active,100000
CARD20140,CUST10012,Classic,Abuja,2025-10-21,Active,500000
CARD20141,CUST10083,Classic,Kano,2025-05-23,Inactive,100000
CARD20142,CUST10032,Gold,Lagos,2026-05-26,Active,2000000
CARD20143,CUST10408,Classic,Lagos,2025-02-26,Active,2000000
CARD20144,CUST10086,Classic,Abuja,2025-02-11,Active,250000
CARD20145,CUST10232,Gold,Port Harcourt,2025-05-01,Inactive,2000000
CARD20146,CUST10411,Classic,Lagos,2025-12-09,Active,2000000
CARD20147,CUST10445,Classic,Lagos,2025-11-28,Inactive,100000
CARD20148,CUST10275,Classic,Lagos,2026-04-01,Active,250000
CARD20149,CUST10201,Classic,Abuja,2026-03-13,Active,250000
CARD20150,CUST10051,Classic,Lagos,2025-12-07,Active,500000
CARD20151,CUST10320,Classic,Port Harcourt,2025-12-07,Active,1000000
CARD20152,CUST10256,Classic,Kano,2026-02-20,Active,500000
CARD20153,CUST10241,Platinum,Kano,2025-07-01,Active,500000
CARD20154,CUST10205,Gold,Port Harcourt,2025-09-21,Inactive,500000
CARD20155,CUST10386,Gold,Abuja,2025-07-29,Active,250000
CARD20156,CUST10420,Classic,Ibadan,2026-06-07,Active,100000
CARD20157,CUST10384,Classic,Ibadan,2025-07-01,Active,2000000
CARD20158,CUST10395,Classic,Ibadan,2026-03-20,Active,250000
CARD20159,CUST10196,Gold,Lagos,2025-09-08,Active,2000000
CARD20160,CUST10244,Classic,Lagos,2025-05-18,Active,2000000
CARD20161,CUST10320,Gold,Kano,2025-08-06,Inactive,1000000
CARD20162,CUST10001,Classic,Kano,2026-03-30,Active,500000
CARD20163,CUST10089,Platinum,Abuja,2025-03-28,Active,1000000
CARD20164,CUST10282,Platinum,Kano,2025-10-20,Active,500000
CARD20165,CUST10139,Classic,Port Harcourt,2025-04-02,Active,250000
CARD20166,CUST10087,Gold,Abuja,2025-07-27,Active,2000000
CARD20167,CUST10002,Classic,Lagos,2025-07-23,Active,1000000
CARD20168,CUST10349,Gold,Abuja,2025-07-05,Active,250000
CARD20169,CUST10168,Classic,Abuja,2025-03-26,Active,250000
CARD20170,CUST10119,Classic,Kano,2025-06-05,Active,500000
CARD20171,CUST10388,Classic,Abuja,2025-10-20,Active,2000000
CARD20172,CUST10080,Platinum,Ibadan,2026-06-17,Active,500000
CARD20173,CUST10111,Gold,Ibadan,2025-06-10,Active,500000
CARD20174,CUST10165,Classic,Lagos,2026-01-21,Active,250000
CARD20175,CUST10382,Gold,Lagos,2026-04-30,Active,500000
CARD20176,CUST10445,Classic,Port Harcourt,2026-05-18,Active,100000
CARD20177,CUST10219,Classic,Lagos,2025-06-05,Active,2000000
CARD20178,CUST10005,Platinum,Port Harcourt,2025-05-23,Inactive,500000
CARD20179,CUST10399,Classic,Lagos,2025-10-11,Active,500000
CARD20180,CUST10215,Gold,Lagos,2025-02-04,Active,1000000
CARD20181,CUST10195,Classic,Lagos,2025-08-12,Inactive,2000000
CARD20182,CUST10282,Classic,Lagos,2026-01-28,Inactive,2000000
CARD20183,CUST10006,Classic,Lagos,2026-02-12,Inactive,500000
CARD20184,CUST10379,Platinum,Kano,2026-01-23,Active,100000
CARD20185,CUST10300,Gold,Lagos,2025-10-24,Inactive,1000000
CARD20186,CUST10058,Classic,Kano,2025-11-19,Active,100000
CARD20187,CUST10337,Gold,Kano,2026-05-03,Inactive,500000
CARD20188,CUST10302,Platinum,Kano,2025-02-08,Active,2000000
CARD20189,CUST10102,Classic,Abuja,2026-05-20,Inactive,2000000
CARD20190,CUST10426,Classic,Port Harcourt,2026-05-18,Active,100000
CARD20191,CUST10048,Classic,Lagos,2026-06-21,Active,250000
CARD20192,CUST10370,Classic,Lagos,2025-11-12,Active,500000
CARD20193,CUST10411,Gold,Ibadan,2026-05-11,Active,2000000
CARD20194,CUST10276,Classic,Lagos,2025-04-27,Inactive,250000
CARD20195,CUST10371,Classic,Kano,2025-12-08,Active,2000000
CARD20196,CUST10163,Classic,Port Harcourt,2025-08-28,Active,2000000
CARD20197,CUST10332,Classic,Lagos,2026-03-21,Inactive,250000
CARD20198,CUST10432,Gold,Lagos,2026-05-02,Active,100000
CARD20199,CUST10196,Gold,Port Harcourt,2026-02-15,Active,500000
CARD20200,CUST10377,Classic,Abuja,2025-10-25,Active,250000
CARD20201,CUST10436,Classic,Port Harcourt,2025-02-21,Active,250000
CARD20202,CUST10365,Classic,Lagos,2025-10-31,Active,2000000
CARD20203,CUST10324,Platinum,Lagos,2025-10-15,Active,250000
CARD20204,CUST10132,Classic,Lagos,2025-04-28,Active,500000
CARD20205,CUST10423,Classic,Lagos,2026-02-28,Active,100000
CARD20206,CUST10405,Classic,Lagos,2025-07-28,Inactive,100000
CARD20207,CUST10066,Classic,Lagos,2025-05-07,Active,100000
CARD20208,CUST10400,Classic,Lagos,2025-10-20,Active,500000
CARD20209,CUST10391,Gold,Port Harcourt,2026-06-03,Active,2000000
CARD20210,CUST10083,Gold,Port Harcourt,2025-08-10,Inactive,500000
CARD20211,CUST10265,Classic,Lagos,2025-03-18,Inactive,250000
CARD20212,CUST10229,Gold,Abuja,2025-12-04,Active,1000000
CARD20213,CUST10273,Gold,Port Harcourt,2025-10-02,Active,1000000
CARD20214,CUST10219,Classic,Abuja,2025-04-27,Active,1000000
CARD20215,CUST10225,Classic,Abuja,2025-10-19,Active,100000
CARD20216,CUST10113,Classic,Lagos,2025-09-28,Active,500000
CARD20217,CUST10140,Platinum,Lagos,2026-03-23,Active,500000
CARD20218,CUST10185,Gold,Lagos,2025-06-06,Active,100000
CARD20219,CUST10173,Classic,Lagos,2025-07-03,Inactive,250000
CARD20220,CUST10376,Classic,Abuja,2026-02-28,Active,1000000
CARD20221,CUST10011,Gold,Ibadan,2025-01-16,Inactive,1000000
CARD20222,CUST10397,Classic,Lagos,2025-04-08,Active,100000
CARD20223,CUST10159,Gold,Port Harcourt,2025-10-27,Active,1000000
CARD20224,CUST10205,Classic,Ibadan,2026-02-26,Active,2000000
CARD20225,CUST10230,Platinum,Lagos,2025-11-03,Active,500000
CARD20226,CUST10026,Gold,Kano,2025-10-01,Active,1000000
CARD20227,CUST10319,Classic,Lagos,2025-09-18,Active,1000000
CARD20228,CUST10159,Gold,Kano,2025-08-27,Active,2000000
CARD20229,CUST10278,Classic,Lagos,2025-11-28,Active,250000
CARD20230,CUST10390,Classic,Lagos,2025-04-25,Active,250000
CARD20231,CUST10148,Gold,Abuja,2025-09-25,Active,2000000
CARD20232,CUST10266,Classic,Kano,2025-01-12,Inactive,250000
CARD20233,CUST10083,Gold,Lagos,2025-03-14,Active,100000
CARD20234,CUST10419,Classic,Port Harcourt,2026-02-10,Active,2000000
CARD20235,CUST10026,Gold,Port Harcourt,2025-06-27,Active,500000
CARD20236,CUST10071,Classic,Lagos,2025-09-16,Active,500000
CARD20237,CUST10037,Gold,Abuja,2026-02-04,Active,500000
CARD20238,CUST10392,Classic,Abuja,2025-09-27,Active,1000000
CARD20239,CUST10133,Classic,Lagos,2026-05-01,Active,2000000
CARD20240,CUST10428,Classic,Port Harcourt,2025-02-28,Active,2000000
CARD20241,CUST10126,Classic,Kano,2025-09-23,Active,250000
CARD20242,CUST10115,Classic,Port Harcourt,2025-03-16,Active,2000000
CARD20243,CUST10092,Classic,Kano,2025-03-31,Active,2000000
CARD20244,CUST10242,Platinum,Lagos,2026-05-20,Active,250000
CARD20245,CUST10200,Classic,Lagos,2025-12-23,Inactive,2000000
CARD20246,CUST10207,Gold,Ibadan,2025-06-03,Active,2000000
CARD20247,CUST10117,Gold,Ibadan,2025-08-06,Inactive,100000
CARD20248,CUST10219,Classic,Lagos,2026-05-01,Active,250000
CARD20249,CUST10305,Gold,Lagos,2026-06-24,Active,100000
CARD20250,CUST10243,Platinum,Ibadan,2025-05-10,Active,1000000
CARD20251,CUST10292,Classic,Lagos,2025-03-07,Inactive,250000
CARD20252,CUST10282,Platinum,Lagos,2025-05-24,Active,2000000
CARD20253,CUST10301,Classic,Port Harcourt,2026-01-15,Active,2000000
CARD20254,CUST10317,Gold,Kano,2025-11-09,Active,100000
CARD20255,CUST10172,Classic,Ibadan,2026-02-11,Inactive,100000
CARD20256,CUST10388,Classic,Port Harcourt,2026-02-11,Active,1000000
CARD20257,CUST10076,Gold,Lagos,2025-10-04,Active,1000000
CARD20258,CUST10209,Classic,Port Harcourt,2026-02-13,Active,2000000
CARD20259,CUST10314,Classic,Lagos,2025-11-10,Active,500000
CARD20260,CUST10105,Classic,Kano,2025-09-06,Active,1000000
CARD20261,CUST10026,Gold,Abuja,2026-04-06,Active,2000000
CARD20262,CUST10351,Classic,Port Harcourt,2026-02-03,Active,1000000
CARD20263,CUST10079,Classic,Ibadan,2026-03-27,Active,250000
CARD20264,CUST10128,Classic,Lagos,2026-04-16,Active,100000
CARD20265,CUST10413,Gold,Kano,2026-03-10,Active,2000000
CARD20266,CUST10137,Gold,Lagos,2026-03-22,Active,1000000
CARD20267,CUST10334,Classic,Lagos,2025-04-13,Active,100000
CARD20268,CUST10036,Classic,Lagos,2025-11-24,Active,500000
CARD20269,CUST10388,Classic,Ibadan,2025-09-03,Active,1000000
CARD20270,CUST10059,Platinum,Ibadan,2025-02-27,Inactive,2000000
CARD20271,CUST10230,Gold,Lagos,2025-04-15,Active,250000
CARD20272,CUST10421,Classic,Lagos,2025-03-10,Active,100000
CARD20273,CUST10124,Gold,Kano,2025-10-29,Active,100000
CARD20274,CUST10088,Classic,Lagos,2025-06-02,Active,250000
CARD20275,CUST10337,Classic,Port Harcourt,2026-06-21,Active,2000000
CARD20276,CUST10141,Platinum,Abuja,2025-02-04,Active,500000
CARD20277,CUST10404,Platinum,Ibadan,2025-01-15,Active,250000
CARD20278,CUST10273,Gold,Abuja,2025-04-16,Active,500000
CARD20279,CUST10051,Classic,Abuja,2025-03-15,Active,2000000
CARD20280,CUST10055,Classic,Kano,2025-10-12,Active,1000000
CARD20281,CUST10417,Platinum,Lagos,2025-07-16,Inactive,1000000
CARD20282,CUST10405,Gold,Lagos,2025-10-07,Inactive,2000000
CARD20283,CUST10337,Classic,Lagos,2025-06-02,Active,500000
CARD20284,CUST10150,Classic,Kano,2025-10-18,Active,250000
CARD20285,CUST10153,Platinum,Port Harcourt,2025-05-22,Active,2000000
CARD20286,CUST10219,Platinum,Lagos,2025-11-08,Inactive,2000000
CARD20287,CUST10219,Gold,Port Harcourt,2025-02-01,Active,1000000
CARD20288,CUST10366,Gold,Lagos,2025-01-26,Active,250000
CARD20289,CUST10396,Classic,Kano,2025-09-12,Active,1000000
CARD20290,CUST10399,Gold,Lagos,2025-02-25,Active,500000
CARD20291,CUST10342,Gold,Port Harcourt,2025-10-20,Active,500000
CARD20292,CUST10258,Classic,Port Harcourt,2025-08-18,Active,100000
CARD20293,CUST10388,Gold,Lagos,2025-02-22,Inactive,2000000
CARD20294,CUST10045,Platinum,Ibadan,2025-04-11,Active,250000
CARD20295,CUST10269,Classic,Lagos,2026-04-12,Active,250000
CARD20296,CUST10311,Gold,Port Harcourt,2025-09-24,Active,1000000
CARD20297,CUST10160,Gold,Port Harcourt,2025-01-02,Active,1000000
CARD20298,CUST10278,Gold,Port Harcourt,2025-01-22,Active,250000
CARD20299,CUST10345,Gold,Lagos,2025-07-31,Active,1000000
CARD20300,CUST10055,Classic,Kano,2025-08-24,Inactive,100000
CARD20301,CUST10145,Gold,Lagos,2026-06-13,Active,2000000
CARD20302,CUST10235,Classic,Port Harcourt,2026-01-23,Active,100000
CARD20303,CUST10179,Gold,Ibadan,2025-01-14,Inactive,500000
CARD20304,CUST10208,Classic,Kano,2026-06-03,Inactive,250000
CARD20305,CUST10136,Classic,Abuja,2025-08-10,Active,100000
CARD20306,CUST10445,Classic,Lagos,2026-02-07,Active,100000
CARD20307,CUST10353,Classic,Ibadan,2026-05-28,Active,1000000
CARD20308,CUST10394,Classic,Lagos,2025-10-14,Active,1000000
CARD20309,CUST10275,Classic,Lagos,2026-01-19,Inactive,1000000
CARD20310,CUST10384,Gold,Kano,2025-09-04,Active,500000
CARD20311,CUST10398,Platinum,Abuja,2025-04-01,Active,100000
CARD20312,CUST10323,Platinum,Lagos,2025-11-08,Active,2000000
CARD20313,CUST10183,Platinum,Abuja,2026-03-13,Active,1000000
CARD20314,CUST10061,Gold,Lagos,2025-02-12,Inactive,500000
CARD20315,CUST10440,Classic,Lagos,2025-03-15,Inactive,500000
CARD20316,CUST10063,Gold,Lagos,2025-11-12,Active,1000000
CARD20317,CUST10361,Gold,Port Harcourt,2025-05-24,Inactive,250000
CARD20318,CUST10215,Classic,Port Harcourt,2025-11-25,Active,100000
CARD20319,CUST10360,Gold,Abuja,2025-07-28,Active,1000000
CARD20320,CUST10139,Classic,Lagos,2025-04-09,Active,2000000
CARD20321,CUST10431,Platinum,Port Harcourt,2025-04-24,Active,100000
CARD20322,CUST10134,Gold,Lagos,2025-06-24,Active,500000
CARD20323,CUST10034,Platinum,Abuja,2025-09-28,Active,2000000
CARD20324,CUST10193,Classic,Ibadan,2025-03-04,Active,100000
CARD20325,CUST10355,Classic,Abuja,2026-02-08,Active,2000000
CARD20326,CUST10320,Platinum,Port Harcourt,2025-08-13,Active,500000
CARD20327,CUST10087,Classic,Kano,2025-06-10,Inactive,1000000
CARD20328,CUST10210,Classic,Abuja,2025-02-05,Active,2000000
CARD20329,CUST10081,Gold,Abuja,2026-01-16,Active,1000000
CARD20330,CUST10322,Platinum,Abuja,2025-11-14,Active,500000
CARD20331,CUST10415,Classic,Lagos,2026-04-01,Active,500000
CARD20332,CUST10339,Classic,Port Harcourt,2025-09-26,Active,2000000
CARD20333,CUST10190,Classic,Port Harcourt,2025-12-10,Active,2000000
CARD20334,CUST10438,Classic,Lagos,2025-02-09,Active,500000
CARD20335,CUST10348,Classic,Lagos,2026-02-18,Active,2000000
CARD20336,CUST10233,Platinum,Kano,2026-01-15,Active,2000000
CARD20337,CUST10392,Gold,Abuja,2025-08-10,Inactive,2000000
CARD20338,CUST10426,Platinum,Lagos,2025-10-08,Active,2000000
CARD20339,CUST10169,Classic,Lagos,2025-08-13,Active,100000
CARD20340,CUST10443,Gold,Abuja,2026-04-02,Inactive,500000
CARD20341,CUST10251,Platinum,Lagos,2025-06-03,Inactive,500000
CARD20342,CUST10168,Gold,Lagos,2025-10-07,Active,250000
CARD20343,CUST10231,Classic,Ibadan,2025-12-19,Active,1000000
CARD20344,CUST10150,Platinum,Port Harcourt,2025-02-08,Inactive,250000
CARD20345,CUST10152,Classic,Lagos,2026-05-04,Active,2000000
CARD20346,CUST10038,Gold,Lagos,2025-07-17,Active,2000000
CARD20347,CUST10386,Classic,Abuja,2025-10-03,Active,100000
CARD20348,CUST10381,Gold,Lagos,2025-06-21,Active,100000
CARD20349,CUST10297,Platinum,Lagos,2026-05-23,Inactive,100000
CARD20350,CUST10275,Classic,Lagos,2026-02-09,Active,100000
CARD20351,CUST10105,Classic,Lagos,2025-09-28,Inactive,100000
CARD20352,CUST10386,Classic,Lagos,2025-05-11,Inactive,100000
CARD20353,CUST10348,Classic,Kano,2026-01-20,Inactive,100000
CARD20354,CUST10352,Classic,Lagos,2026-02-01,Active,100000
CARD20355,CUST10062,Gold,Lagos,2025-10-23,Inactive,100000
CARD20356,CUST10016,Classic,Lagos,2026-01-18,Active,500000
CARD20357,CUST10350,Classic,Abuja,2026-05-27,Active,100000
CARD20358,CUST10150,Classic,Ibadan,2026-01-30,Inactive,1000000
CARD20359,CUST10142,Classic,Lagos,2025-09-17,Active,100000
CARD20360,CUST10116,Gold,Ibadan,2025-10-08,Active,2000000
CARD20361,CUST10312,Gold,Lagos,2025-12-22,Active,2000000
CARD20362,CUST10065,Platinum,Ibadan,2026-02-24,Active,100000
CARD20363,CUST10429,Classic,Lagos,2025-07-11,Active,100000
CARD20364,CUST10310,Classic,Lagos,2026-03-04,Active,2000000
CARD20365,CUST10194,Classic,Lagos,2025-12-14,Active,1000000
CARD20366,CUST10342,Classic,Lagos,2026-03-05,Inactive,250000
CARD20367,CUST10430,Gold,Abuja,2026-01-27,Active,500000
CARD20368,CUST10161,Gold,Abuja,2025-12-07,Active,2000000
CARD20369,CUST10306,Classic,Port Harcourt,2026-02-06,Active,100000
CARD20370,CUST10361,Classic,Lagos,2025-02-16,Active,500000
CARD20371,CUST10278,Gold,Abuja,2026-03-01,Active,100000
CARD20372,CUST10296,Gold,Lagos,2026-06-01,Active,250000
CARD20373,CUST10039,Classic,Port Harcourt,2025-11-24,Inactive,250000
CARD20374,CUST10361,Gold,Lagos,2025-03-28,Active,2000000
CARD20375,CUST10169,Platinum,Lagos,2026-05-30,Inactive,500000
CARD20376,CUST10068,Classic,Abuja,2025-06-14,Active,500000
CARD20377,CUST10007,Classic,Ibadan,2025-08-11,Active,250000
CARD20378,CUST10085,Classic,Port Harcourt,2025-10-24,Active,100000
CARD20379,CUST10199,Gold,Lagos,2026-03-27,Active,2000000
CARD20380,CUST10132,Classic,Lagos,2025-12-09,Active,1000000
CARD20381,CUST10076,Platinum,Lagos,2025-12-07,Inactive,250000
CARD20382,CUST10250,Gold,Abuja,2026-04-06,Active,250000
CARD20383,CUST10347,Classic,Abuja,2026-01-27,Active,2000000
CARD20384,CUST10443,Classic,Lagos,2026-06-21,Active,100000
CARD20385,CUST10209,Gold,Lagos,2026-02-25,Active,500000
CARD20386,CUST10084,Classic,Abuja,2026-01-16,Active,250000
CARD20387,CUST10223,Platinum,Lagos,2025-01-05,Active,2000000
CARD20388,CUST10253,Classic,Lagos,2025-01-04,Inactive,2000000
CARD20389,CUST10410,Classic,Abuja,2025-11-12,Active,2000000
CARD20390,CUST10031,Gold,Lagos,2025-03-19,Active,500000
CARD20391,CUST10355,Classic,Ibadan,2026-06-15,Active,250000
CARD20392,CUST10201,Gold,Port Harcourt,2025-12-21,Active,2000000
CARD20393,CUST10052,Classic,Lagos,2025-02-02,Active,500000
CARD20394,CUST10368,Gold,Lagos,2025-05-19,Active,100000
CARD20395,CUST10072,Classic,Lagos,2025-09-29,Active,1000000
CARD20396,CUST10021,Classic,Lagos,2025-07-15,Inactive,250000
CARD20397,CUST10016,Gold,Kano,2025-05-07,Inactive,500000
CARD20398,CUST10435,Classic,Lagos,2025-12-15,Active,1000000
CARD20399,CUST10016,Classic,Ibadan,2025-02-13,Active,1000000
CARD20400,CUST10402,Classic,Abuja,2025-09-01,Active,500000
CARD20401,CUST10175,Classic,Ibadan,2025-01-09,Inactive,500000
CARD20402,CUST10312,Platinum,Port Harcourt,2025-03-20,Inactive,500000
CARD20403,CUST10412,Classic,Port Harcourt,2025-07-09,Inactive,2000000
CARD20404,CUST10338,Gold,Abuja,2025-03-27,Active,100000
CARD20405,CUST10078,Classic,Ibadan,2026-04-30,Inactive,2000000
CARD20406,CUST10440,Classic,Lagos,2025-09-28,Inactive,1000000
CARD20407,CUST10240,Gold,Kano,2026-05-28,Active,1000000
CARD20408,CUST10037,Classic,Port Harcourt,2025-01-20,Active,1000000
CARD20409,CUST10232,Gold,Abuja,2026-05-04,Active,500000
CARD20410,CUST10400,Classic,Kano,2025-05-10,Active,250000
CARD20411,CUST10213,Classic,Ibadan,2025-01-07,Active,2000000
CARD20412,CUST10193,Gold,Port Harcourt,2025-11-06,Active,250000
CARD20413,CUST10060,Classic,Lagos,2026-04-18,Active,100000
CARD20414,CUST10189,Gold,Kano,2025-04-12,Active,100000
CARD20415,CUST10267,Classic,Port Harcourt,2025-12-04,Active,2000000
CARD20416,CUST10126,Gold,Abuja,2025-11-15,Active,1000000
CARD20417,CUST10203,Classic,Kano,2026-05-28,Active,100000
CARD20418,CUST10322,Gold,Lagos,2025-01-25,Inactive,250000
CARD20419,CUST10382,Platinum,Lagos,2026-03-06,Inactive,250000
CARD20420,CUST10032,Classic,Abuja,2025-05-23,Inactive,500000
CARD20421,CUST10403,Classic,Lagos,2025-05-29,Active,1000000
CARD20422,CUST10312,Platinum,Port Harcourt,2025-02-24,Active,500000
CARD20423,CUST10261,Classic,Lagos,2026-04-16,Active,2000000
CARD20424,CUST10387,Gold,Lagos,2025-12-29,Active,100000
CARD20425,CUST10412,Platinum,Lagos,2025-07-28,Inactive,500000
CARD20426,CUST10346,Gold,Abuja,2025-07-04,Active,500000
CARD20427,CUST10094,Classic,Lagos,2025-03-06,Active,2000000
CARD20428,CUST10328,Classic,Lagos,2025-04-22,Active,250000
CARD20429,CUST10100,Classic,Lagos,2025-09-20,Inactive,250000
CARD20430,CUST10285,Classic,Port Harcourt,2025-03-17,Active,2000000
CARD20431,CUST10315,Classic,Ibadan,2025-10-23,Active,250000
CARD20432,CUST10025,Gold,Lagos,2025-06-27,Active,2000000
CARD20433,CUST10406,Classic,Abuja,2025-01-01,Active,250000
CARD20434,CUST10353,Platinum,Lagos,2025-05-28,Active,2000000
CARD20435,CUST10357,Gold,Lagos,2025-05-09,Inactive,250000
CARD20436,CUST10117,Platinum,Kano,2026-05-28,Active,500000
CARD20437,CUST10199,Classic,Lagos,2026-05-17,Active,500000
CARD20438,CUST10279,Gold,Lagos,2025-05-29,Inactive,250000
CARD20439,CUST10070,Classic,Lagos,2025-09-26,Active,2000000
CARD20440,CUST10335,Classic,Kano,2025-04-15,Inactive,500000
CARD20441,CUST10079,Gold,Abuja,2026-04-11,Inactive,100000
CARD20442,CUST10424,Gold,Abuja,2025-10-08,Active,250000
CARD20443,CUST10354,Classic,Abuja,2026-02-11,Active,100000
CARD20444,CUST10014,Classic,Lagos,2025-12-24,Active,100000
CARD20445,CUST10029,Classic,Ibadan,2025-07-22,Inactive,1000000
CARD20446,CUST10144,Gold,Lagos,2025-10-08,Inactive,100000
CARD20447,CUST10343,Platinum,Port Harcourt,2025-09-14,Active,100000
CARD20448,CUST10010,Classic,Abuja,2025-04-04,Active,1000000
CARD20449,CUST10047,Classic,Lagos,2025-11-20,Active,1000000
CARD20450,CUST10260,Platinum,Lagos,2025-12-28,Inactive,1000000
CARD20451,CUST10012,Classic,Port Harcourt,2025-12-17,Active,2000000
CARD20452,CUST10298,Gold,Lagos,2025-03-03,Active,1000000
CARD20453,CUST10226,Classic,Lagos,2025-07-06,Active,2000000
CARD20454,CUST10260,Classic,Lagos,2026-06-26,Active,250000
CARD20455,CUST10084,Classic,Port Harcourt,2025-10-31,Inactive,2000000
CARD20456,CUST10348,Gold,Ibadan,2026-03-12,Active,250000
CARD20457,CUST10348,Classic,Ibadan,2025-08-01,Active,1000000
CARD20458,CUST10006,Classic,Abuja,2026-02-10,Active,1000000
CARD20459,CUST10398,Classic,Abuja,2025-05-14,Active,250000
CARD20460,CUST10247,Gold,Lagos,2025-08-07,Active,500000
CARD20461,CUST10035,Platinum,Lagos,2026-02-25,Active,2000000
CARD20462,CUST10175,Gold,Ibadan,2025-11-15,Active,100000
CARD20463,CUST10442,Classic,Ibadan,2025-06-06,Inactive,1000000
CARD20464,CUST10065,Platinum,Port Harcourt,2025-07-07,Active,2000000
CARD20465,CUST10147,Classic,Abuja,2026-04-21,Inactive,2000000
CARD20466,CUST10057,Classic,Ibadan,2025-06-11,Active,1000000
CARD20467,CUST10193,Gold,Kano,2025-05-09,Active,250000
CARD20468,CUST10013,Classic,Lagos,2025-10-31,Active,1000000
CARD20469,CUST10392,Classic,Lagos,2025-03-30,Active,2000000
CARD20470,CUST10018,Classic,Abuja,2025-06-11,Active,500000
CARD20471,CUST10246,Gold,Lagos,2025-02-05,Active,250000
CARD20472,CUST10163,Classic,Ibadan,2025-08-15,Active,1000000
CARD20473,CUST10343,Classic,Lagos,2025-05-31,Active,100000
CARD20474,CUST10114,Gold,Abuja,2025-02-16,Active,1000000
CARD20475,CUST10282,Gold,Abuja,2025-08-19,Active,2000000
CARD20476,CUST10233,Gold,Abuja,2026-06-23,Active,2000000
CARD20477,CUST10166,Classic,Lagos,2025-06-14,Active,100000
CARD20478,CUST10322,Classic,Kano,2025-03-07,Active,250000
CARD20479,CUST10026,Classic,Lagos,2025-03-21,Inactive,2000000
CARD20480,CUST10126,Gold,Port Harcourt,2025-05-20,Active,250000
CARD20481,CUST10313,Gold,Ibadan,2026-02-04,Inactive,250000
CARD20482,CUST10281,Platinum,Lagos,2025-05-10,Active,1000000
CARD20483,CUST10286,Classic,Kano,2026-03-22,Inactive,250000
CARD20484,CUST10391,Classic,Abuja,2025-01-29,Active,2000000
CARD20485,CUST10283,Classic,Port Harcourt,2025-07-21,Active,2000000
CARD20486,CUST10139,Classic,Port Harcourt,2025-08-25,Active,500000
CARD20487,CUST10101,Classic,Abuja,2025-12-05,Active,250000
CARD20488,CUST10392,Platinum,Lagos,2026-02-03,Inactive,500000
CARD20489,CUST10011,Gold,Port Harcourt,2026-03-15,Active,1000000
CARD20490,CUST10382,Classic,Abuja,2025-10-16,Active,500000
CARD20491,CUST10216,Gold,Lagos,2025-09-09,Active,250000
CARD20492,CUST10030,Classic,Port Harcourt,2025-04-10,Active,2000000
CARD20493,CUST10094,Gold,Port Harcourt,2026-02-26,Active,1000000
CARD20494,CUST10116,Gold,Abuja,2025-01-18,Active,250000
CARD20495,CUST10271,Classic,Lagos,2026-04-16,Active,1000000
CARD20496,CUST10440,Gold,Lagos,2025-01-07,Active,100000
CARD20497,CUST10291,Gold,Lagos,2026-02-23,Active,250000
CARD20498,CUST10039,Classic,Abuja,2026-01-15,Active,100000
CARD20499,CUST10024,Classic,Kano,2026-05-23,Active,500000
CARD20500,CUST10264,Classic,Lagos,2025-04-24,Active,250000
CARD20501,CUST10043,Classic,Lagos,2026-05-26,Active,100000
CARD20502,CUST10170,Classic,Ibadan,2026-04-14,Inactive,2000000
CARD20503,CUST10340,Gold,Lagos,2025-04-03,Active,500000
CARD20504,CUST10169,Classic,Lagos,2026-05-07,Inactive,250000
CARD20505,CUST10303,Gold,Abuja,2025-04-12,Active,250000
CARD20506,CUST10026,Platinum,Ibadan,2026-05-08,Inactive,2000000
CARD20507,CUST10180,Gold,Port Harcourt,2026-06-20,Active,2000000
CARD20508,CUST10150,Gold,Port Harcourt,2026-04-30,Active,100000
CARD20509,CUST10133,Gold,Lagos,2026-04-24,Active,100000
CARD20510,CUST10143,Gold,Ibadan,2025-06-16,Active,100000
CARD20511,CUST10164,Classic,Lagos,2025-05-20,Inactive,1000000
CARD20512,CUST10101,Classic,Lagos,2025-04-04,Active,500000
CARD20513,CUST10063,Gold,Lagos,2025-06-30,Active,250000
CARD20514,CUST10093,Gold,Lagos,2025-01-04,Active,500000
CARD20515,CUST10207,Platinum,Lagos,2026-01-24,Inactive,2000000
CARD20516,CUST10433,Gold,Abuja,2025-09-29,Active,500000
CARD20517,CUST10311,Platinum,Abuja,2025-05-12,Active,500000
CARD20518,CUST10072,Classic,Lagos,2026-05-27,Active,100000
CARD20519,CUST10060,Gold,Port Harcourt,2025-02-21,Active,2000000
CARD20520,CUST10441,Platinum,Port Harcourt,2025-10-17,Inactive,500000
CARD20521,CUST10029,Classic,Lagos,2026-03-22,Active,250000
CARD20522,CUST10019,Classic,Lagos,2025-08-25,Active,100000
CARD20523,CUST10073,Classic,Lagos,2026-05-06,Active,500000
CARD20524,CUST10394,Gold,Lagos,2025-10-07,Inactive,2000000
CARD20525,CUST10357,Classic,Port Harcourt,2025-02-13,Active,250000
CARD20526,CUST10394,Gold,Lagos,2025-12-25,Inactive,2000000
CARD20527,CUST10246,Classic,Lagos,2026-06-10,Active,2000000
CARD20528,CUST10313,Classic,Lagos,2026-04-07,Inactive,2000000
CARD20529,CUST10438,Platinum,Ibadan,2025-04-11,Active,1000000
CARD20530,CUST10440,Classic,Lagos,2026-04-06,Active,250000
CARD20531,CUST10324,Classic,Port Harcourt,2025-09-25,Inactive,2000000
CARD20532,CUST10087,Classic,Lagos,2025-12-28,Active,1000000
CARD20533,CUST10359,Gold,Ibadan,2026-02-12,Active,100000
CARD20534,CUST10183,Classic,Kano,2025-02-06,Inactive,1000000
CARD20535,CUST10197,Classic,Abuja,2026-04-13,Active,100000
CARD20536,CUST10244,Platinum,Ibadan,2025-09-16,Active,1000000
CARD20537,CUST10328,Classic,Port Harcourt,2026-05-24,Active,2000000
CARD20538,CUST10385,Classic,Ibadan,2025-11-05,Active,1000000
CARD20539,CUST10118,Classic,Port Harcourt,2025-09-30,Inactive,1000000
CARD20540,CUST10396,Classic,Lagos,2025-04-20,Active,2000000
CARD20541,CUST10419,Classic,Abuja,2025-09-17,Active,100000
CARD20542,CUST10372,Gold,Kano,2025-09-25,Active,2000000
CARD20543,CUST10082,Platinum,Lagos,2025-02-01,Active,250000
CARD20544,CUST10247,Classic,Kano,2025-06-26,Active,1000000
CARD20545,CUST10234,Gold,Abuja,2025-04-14,Active,250000
CARD20546,CUST10417,Classic,Abuja,2025-08-24,Active,2000000
CARD20547,CUST10365,Gold,Port Harcourt,2025-04-03,Active,2000000
CARD20548,CUST10153,Classic,Ibadan,2025-07-20,Active,500000
CARD20549,CUST10272,Classic,Lagos,2025-02-04,Active,250000
CARD20550,CUST10392,Classic,Lagos,2025-04-27,Active,500000
CARD20551,CUST10035,Classic,Port Harcourt,2026-04-03,Active,250000
CARD20552,CUST10213,Gold,Kano,2026-04-16,Active,500000
CARD20553,CUST10211,Gold,Port Harcourt,2026-02-03,Inactive,500000
CARD20554,CUST10430,Classic,Lagos,2025-04-27,Active,250000
CARD20555,CUST10139,Platinum,Lagos,2025-12-28,Active,2000000
CARD20556,CUST10189,Classic,Kano,2025-07-23,Inactive,100000
CARD20557,CUST10300,Gold,Lagos,2025-05-26,Active,2000000
CARD20558,CUST10395,Classic,Abuja,2026-03-20,Active,100000
CARD20559,CUST10252,Classic,Lagos,2025-10-24,Inactive,250000
CARD20560,CUST10395,Classic,Lagos,2026-05-02,Active,1000000
CARD20561,CUST10150,Classic,Lagos,2025-08-19,Active,2000000
CARD20562,CUST10341,Classic,Lagos,2025-07-22,Active,500000
CARD20563,CUST10219,Gold,Ibadan,2025-12-28,Inactive,2000000
CARD20564,CUST10082,Gold,Lagos,2026-01-30,Inactive,250000
CARD20565,CUST10190,Gold,Lagos,2025-09-05,Inactive,1000000
CARD20566,CUST10234,Platinum,Abuja,2026-03-16,Active,1000000
CARD20567,CUST10176,Platinum,Kano,2026-01-31,Active,2000000
CARD20568,CUST10232,Gold,Port Harcourt,2025-12-22,Active,2000000
CARD20569,CUST10358,Gold,Lagos,2026-02-05,Active,2000000
CARD20570,CUST10063,Classic,Lagos,2025-08-29,Inactive,250000
CARD20571,CUST10435,Gold,Abuja,2025-12-07,Active,100000
CARD20572,CUST10429,Gold,Ibadan,2025-08-17,Active,100000
CARD20573,CUST10237,Classic,Lagos,2026-06-27,Active,500000
CARD20574,CUST10033,Classic,Lagos,2026-06-23,Active,250000
CARD20575,CUST10213,Platinum,Port Harcourt,2026-06-13,Active,1000000
CARD20576,CUST10060,Classic,Abuja,2025-09-24,Active,500000
CARD20577,CUST10379,Classic,Abuja,2025-05-09,Active,1000000
CARD20578,CUST10002,Classic,Lagos,2025-08-08,Active,1000000
CARD20579,CUST10397,Classic,Lagos,2025-03-23,Inactive,2000000
CARD20580,CUST10450,Classic,Lagos,2025-01-20,Inactive,1000000
CARD20581,CUST10057,Classic,Lagos,2025-11-23,Active,1000000
CARD20582,CUST10427,Classic,Kano,2025-02-06,Inactive,250000
CARD20583,CUST10301,Platinum,Lagos,2026-01-17,Active,2000000
CARD20584,CUST10287,Classic,Port Harcourt,2025-02-08,Active,2000000
CARD20585,CUST10138,Classic,Abuja,2025-04-19,Active,500000
CARD20586,CUST10279,Classic,Lagos,2026-03-05,Active,2000000
CARD20587,CUST10214,Classic,Ibadan,2025-03-05,Active,100000
CARD20588,CUST10239,Platinum,Port Harcourt,2025-06-24,Active,250000
CARD20589,CUST10285,Gold,Kano,2025-02-01,Active,500000
CARD20590,CUST10031,Classic,Lagos,2026-06-15,Active,100000
CARD20591,CUST10206,Classic,Lagos,2025-04-16,Active,1000000
CARD20592,CUST10274,Gold,Lagos,2026-04-27,Active,100000
CARD20593,CUST10011,Classic,Lagos,2025-07-25,Active,500000
CARD20594,CUST10359,Classic,Lagos,2025-09-04,Active,2000000
CARD20595,CUST10047,Classic,Ibadan,2025-03-30,Active,250000
CARD20596,CUST10003,Platinum,Lagos,2025-11-12,Active,500000
CARD20597,CUST10130,Classic,Kano,2025-01-11,Active,100000
CARD20598,CUST10438,Classic,Abuja,2025-02-18,Active,100000
CARD20599,CUST10072,Classic,Port Harcourt,2025-06-20,Inactive,500000
CARD20600,CUST10159,Classic,Lagos,2025-05-23,Active,500000
